Category	Term	Count	%	PValue	Genes	List Total	Pop Hits	Pop Total	Fold Enrichment	Bonferroni	Benjamini	FDR
KEGG_PATHWAY	mmu04920:Adipocytokine signaling pathway	4	1.593625498007968	0.03068769098880868	POMC, CPT1C, RXRG, PRKAG3	74	72	7691	5.774024024024024	0.9790346440148349	1.0	1.0
KEGG_PATHWAY	mmu05205:Proteoglycans in cancer	6	2.3904382470119523	0.04316487716668604	COL1A1, CCND1, GPC1, FZD6, WNT5A, CBLC	74	203	7691	3.0718945546531757	0.9957946564509744	1.0	1.0
KEGG_PATHWAY	mmu04974:Protein digestion and absorption	4	1.593625498007968	0.05076753545510316	COL1A1, COL15A1, KCNQ1, COL9A3	74	88	7691	4.724201474201474	0.998436131268772	1.0	1.0
KEGG_PATHWAY	mmu04921:Oxytocin signaling pathway	5	1.9920318725099602	0.05377094907051369	CAMK1D, CCND1, CACNA2D2, OXT, PRKAG3	74	150	7691	3.4644144144144144	0.9989443051216871	1.0	1.0
KEGG_PATHWAY	mmu05200:Pathways in cancer	8	3.187250996015936	0.07983103537162325	CCND1, PTGER1, SUFU, FZD6, WNT5A, CBLC, RXRG, FGF21	74	395	7691	2.104960656859391	0.999966918889097	1.0	1.0
KEGG_PATHWAY	mmu05217:Basal cell carcinoma	3	1.1952191235059761	0.09277354592701939	SUFU, FZD6, WNT5A	74	54	7691	5.774024024024024	0.9999942885355796	1.0	1.0
