Category	Term	Count	%	PValue	Genes	List Total	Pop Hits	Pop Total	Fold Enrichment	Bonferroni	Benjamini	FDR
KEGG_PATHWAY	mmu04060:Cytokine-cytokine receptor interaction	8	5.88235294117647	0.002141878899077818	CXCL9, CXCR5, IL21R, CD27, CXCR4, CCR7, CXCL13, IL6ST	59	242	7691	4.309287014988094	0.24326555046649656	0.27844425688011637	0.27844425688011637
KEGG_PATHWAY	mmu04062:Chemokine signaling pathway	6	4.411764705882353	0.015699576191372758	CXCL9, CXCR5, CXCR4, CCR7, CXCL13, FOXO3	59	196	7691	3.990487720511934	0.8721804239074723	0.868344510323855	0.868344510323855
KEGG_PATHWAY	mmu04640:Hematopoietic cell lineage	4	2.941176470588235	0.025993234543361905	CD2, CR2, ITGA4, MS4A1	59	85	7691	6.134396809571286	0.9674120864794747	0.868344510323855	0.868344510323855
KEGG_PATHWAY	mmu05340:Primary immunodeficiency	3	2.2058823529411766	0.026869651282221206	CD79A, PTPRC, RFXAP	59	34	7691	11.501994017946162	0.9710110685702494	0.868344510323855	0.868344510323855
KEGG_PATHWAY	mmu04514:Cell adhesion molecules (CAMs)	5	3.6764705882352944	0.03339786578168673	CD2, PTPRC, ITGA4, SELL, ITGAV	59	162	7691	4.023331240845365	0.987916090554103	0.868344510323855	0.868344510323855
KEGG_PATHWAY	mmu04662:B cell receptor signaling pathway	3	2.2058823529411766	0.09752927008023242	CD79A, CR2, JUN	59	70	7691	5.5866828087167075	0.9999983919250828	1.0	1.0
